12111414,Jiang Qizhen,19,Female,15648228450,Eastern China
12110809,Lv Qiufeng,19,Female,15088530748,Eastern China
11812628,Zheng Runyi,22,Male,15613461351,Eastern China
11612519,Dou Youqing,24,Female,18695976535,Eastern China
12011919,Alistair Smith,20,Male,18957760110,Europe
11311100,Jode Evans,27,Female,15015836603,Europe
11610329,Ross Edwards,24,Male,15082403377,Europe
11112326,Steven Taylor,29,Male,13838231084,Europe
11610803,Andrew Johnson,24,Male,13909231636,Europe
11110725,Juliana Harris,29,Female,18980805234,Europe
12012220,Fidelia Hall,20,Female,15028279376,Europe
11112911,Ted White,29,Male,13872798954,Europe
12112727,Polly Walker,19,Female,15662365107,Europe
11710106,Emlyn Clarke,23,Male,15608040152,Europe
11211510,Nicole Taylor,28,Female,15605395407,Europe
11910621,Mimi Jackson,21,Female,13938227972,Europe
12212123,Basil White,18,Male,18908173824,Europe
12111625,Cynthia Patel,19,Female,18678419999,Europe
12111906,Irwin Green,19,Male,13848256680,Europe
11711710,Priscilla Thompson,23,Female,15659160287,Europe
11711701,Carrie Clarke,23,Female,15656026139,Europe
11510201,Dulcie Patel,25,Female,18983135639,Europe
11810914,Debby Williams,22,Female,18643905431,Europe
11612521,Ralph Thompson,24,Male,18998586749,America
12110421,Lou Green,19,Male,13891114271,America
11212200,Nicholas Hughes,28,Male,18675499803,America
11411929,Gracie Thomas,26,Female,15616426004,America
11611508,Martina Patel,24,Female,15636960302,America
11911204,Malcolm Brown,21,Male,13929836941,America
12012309,Colin Jones,20,Male,15041003332,America
11210120,Vivian Brown,28,Male,13987264599,America
12211614,Wayne Taylor,18,Male,15070303753,America
11811426,Theobald Robinson,22,Male,13830333964,Europe
11810625,Katharine Thompson,22,Female,18622890184,Europe
11312521,Alistair Lewis,27,Male,13891971811,Europe
11212008,Rosalind Harris,28,Female,13821309686,Europe
11210622,Samuel Johnson,28,Male,15636249914,Europe
11311906,Tessa White,27,Female,13963976928,Europe
11211002,Lisa Smith,28,Female,18924197525,Europe
11612024,Bernie Smith,24,Male,13970817292,Europe
11910916,Joseph Taylor,21,Male,13982600859,Europe
11611210,Camilla Thompson,24,Female,13933012299,Europe
11510416,Joseph Davies,25,Male,13853290517,Europe
11611627,Christine Evans,24,Female,18690580198,Europe
11910210,Sophia Davies,21,Female,13951024215,Europe
12111307,Lee Lewis,19,Male,18931182645,Europe
11411314,Theodore Jones,26,Male,15637550207,Europe
11611227,Hector White,24,Male,13932852743,America
11911804,Mabel Smith,21,Female,13860891882,America
12111613,Muriel White,19,Female,13856749672,America
11511523,Feng Zhenming,25,Male,18910019042,Southern China
11510013,Yu Xuelu,25,Female,13930284659,Southern China
12211518,Gracie Williams,18,Female,15654771734,Asia
11210008,Archibald Thompson,28,Male,15003945587,Asia
11612609,Jeanie Wilson,24,Female,13849533904,Asia
11510326,Theo White,25,Male,13986643179,Asia
11710803,Pius Hughes,23,Male,15040270297,Asia
11612301,Charlene Wright,24,Female,15097750967,Asia
11611811,Millie Robinson,24,Female,13976277480,Asia
11510305,Agnes Roberts,25,Female,18601984515,Asia
11810112,Murray Edwards,22,Male,18991801109,Asia
11511922,Enos White,25,Male,18638799648,Asia
11710512,Matt Thompson,23,Male,13932324056,Asia
11712202,Adelina Hughes,23,Female,13925252488,Europe
11512408,Sonia Wright,25,Female,18639197649,Europe
11812006,Sebastian Roberts,22,Male,13902204580,Europe
11611101,Christian White,24,Male,13957306066,Europe
11112918,Marilyn Harris,29,Female,15648043188,Europe
11710029,Dottie Walker,23,Female,18957621651,Europe
12011319,Bernie Wilson,20,Male,18641154719,Europe
11112316,Milton Hall,29,Male,15090666285,Europe
12212006,Karl Hughes,18,Male,13894495130,Europe
11512118,Elroy Edwards,25,Male,13943330557,America
11411901,Avis Roberts,26,Female,15005657290,America
12212215,Sally Thomas,18,Female,13896412880,America
12112001,Benjamin Green,19,Male,15691335568,America
11412713,Bobby Roberts,26,Male,18699239326,America
11510427,Sean Jackson,25,Male,18902436646,America
12110203,Andrew Davies,19,Male,18668717910,America
11610318,Mabel Patel,24,Female,13832293707,America
12211226,Hedwig Williams,18,Female,15695281764,America
11211217,Deirdre Evans,28,Female,15033852161,America
11611819,Tracy Johnson,24,Female,18930364600,America
11412900,Faustina Hall,26,Female,15660705495,America
12112122,Marcia Hall,19,Female,15069566546,America
11710914,Liz Jones,23,Female,18952324673,America
11212711,Jeffrey Robinson,28,Male,18658605272,America
11211610,Kirk Roberts,28,Male,18666463748,Europe
11412106,Feng Yixian,26,Male,13883896077,Southwestern China
11712016,He Yunshuo,23,Male,15676339540,Southwestern China
11811304,Zhang Wenke,22,Male,15085745621,Southwestern China
11710012,Jiang Zibin,23,Male,15612372969,Southwestern China
12010008,Wu Yuanchun,20,Female,13826019898,Southwestern China
11810206,Shen Yuanchun,22,Female,15051980900,Southwestern China
11310620,Lv Wanzhi,27,Female,18940947434,Southwestern China
11512413,Chen Chunfu,25,Female,13822330958,Southwestern China
11812826,Wang Jiaxuan,22,Male,13951342870,Southwestern China
11912215,Qian Jingxiang,21,Male,18906077064,Southwestern China
11910723,Hua Wenjing,21,Male,13841249541,Southwestern China
11610317,Zhou Manrui,24,Male,13934970262,Southwestern China
12211326,Yan Jiaye,18,Male,13857113998,Southwestern China
11610101,He Benqing,24,Male,18699338307,Southwestern China
11412820,Shi Shaohu,26,Male,18665305291,Southwestern China
11712019,Shi Yuzhou,23,Male,15659504876,Southwestern China
11211219,Chen Yuanxiang,28,Male,15639968841,Southwestern China
12012820,Chen Dongyan,20,Female,13805440014,Southwestern China
11111510,Julian Wilson,29,Male,15071361392,America
12011723,Poll Robinson,20,Female,15684292691,America
12010225,Frankie Wright,20,Male,13944468545,America
11212524,Joe Jackson,28,Male,13981892390,America
11412311,Mandy Smith,26,Female,15021347865,America
11911112,Fran Thompson,21,Female,15600681584,America
11711514,Sadie Hughes,23,Female,13997748487,America
11410502,Victor Lewis,26,Male,18937004621,America
11412623,Timothy Wright,26,Male,18913709126,America
11810104,Ed Davies,22,Male,13924863552,America
11710008,Nan Brown,23,Female,13908490013,America
11210425,Sara Patel,28,Female,15029521800,America
12011708,Micky Patel,20,Male,18936331523,America
12011424,Pam Wright,20,Female,15681418158,America
12210529,Moira Hughes,18,Female,15034261239,America
11511312,Leila Roberts,25,Female,15086821816,America
11111605,Lenny Jackson,29,Male,13941316848,America
11310829,Bob Lewis,27,Male,13947319351,America
11411019,Flora Thomas,26,Female,13802785616,America
11812007,Louisa Roberts,22,Female,18966855678,America
11510816,Persis Wright,25,Female,15626473469,America
11812407,Richie Roberts,22,Male,13913280853,America
11812728,Dudley White,22,Male,15014782427,America
12010120,Georgie Taylor,20,Female,15617066125,America
11712325,Benjamin Wilson,23,Male,15067783063,America
11710818,Ted Taylor,23,Male,15622407318,America
11311712,Roger White,27,Male,15657072117,America
12010313,Juliet Smith,20,Female,15098059461,America
11310324,Audrey Evans,27,Female,13867209171,Europe
11211017,Mildred Wright,28,Female,13933700776,Europe
11712200,Victor Lewis,23,Male,13918098997,Europe
11311901,Alistair Walker,27,Male,15066175538,Europe
11412011,Pat Wilson,26,Male,15624601488,Europe
11610326,Leslie Brown,24,Female,18649276288,Europe
11211429,Bonny Robinson,28,Female,13888867967,Europe
11310313,Octavius Davies,27,Male,15037128173,Europe
11411425,Fidelia Brown,26,Female,13968050454,Europe
12110429,Ray Wilson,19,Male,18904726351,Europe
12110020,Carrie Hughes,19,Female,13962102137,Europe
11510209,Dave Jones,25,Male,18684691080,Europe
12011702,Darrell Johnson,20,Male,13913298284,America
12012922,Patience Hughes,20,Female,15094646510,America
11211210,Winifred Roberts,28,Female,13950258526,America
11912320,Marcia Wright,21,Female,15019139646,America
11110405,Ollie Patel,29,Male,18943805369,America
11211620,Jackie Thomas,28,Female,15039530124,America
11511403,Florence Johnson,25,Female,13953574065,America
11911604,Diana Thompson,21,Female,13834712519,America
11910015,Crystal Walker,21,Female,13975605074,America
11710304,Jennifer Walker,23,Female,13947733265,America
11210026,Caesar Roberts,28,Male,15051773106,America
11210906,Salome Patel,28,Female,13969020238,America
11211721,Auberon Robinson,28,Male,15051381078,Europe
11812209,Florence Lewis,22,Female,18638300869,Europe
11810021,Julian Clarke,22,Male,13974711615,Europe
11610022,Rupert Walker,24,Male,13837332637,Europe
11710522,Jock Walker,23,Male,13847306454,Europe
12110704,Milton Smith,19,Male,15044189671,Europe
11612502,Ollie Smith,24,Male,15077767818,Europe
11612410,He Hanwu,24,Male,15601927407,Northern China
11611500,Jing Kaiyu,24,Male,18649382405,Northern China
11112520,Catherine Clarke,29,Female,13884191170,America
12112312,Wang Linglian,19,Female,18969987402,Northern China
11910106,Zou Jingye,21,Male,18631626712,Northern China
11410421,Zhou Hanling,26,Female,13994010802,Northern China
11112116,Li Linglian,29,Female,13834907428,Northern China
11912713,Wei Ruize,21,Male,18942952860,Northern China
11210708,Yan Xiangheng,28,Male,13927999733,Northern China
12212407,Hannah Jackson,18,Female,15686777514,Europe
11112504,Dermot Lewis,29,Male,15602715703,Europe
12010902,Burt Robinson,20,Male,15607919844,Europe
11811307,Robin Green,22,Female,15058014776,Europe
11911627,Olympia Thomas,21,Female,13912901670,Europe
12211913,Adolf Davies,18,Male,15075997121,Europe
12112006,Frieda Johnson,19,Female,18936329960,Europe
11710828,Jeff Lewis,23,Male,13897824252,Europe
11610900,Charlene Edwards,24,Female,15667741606,Europe
11610600,Lenny Harris,24,Male,18923081948,America
12110325,Ivan Harris,19,Male,13991194384,America
12111219,Danny Smith,19,Male,15656054124,America
11112822,Aggie Smith,29,Female,13890821768,America
11910717,Vivian Johnson,21,Male,15083663048,Europe
12212108,Ozzie Smith,18,Male,13900350627,Europe
11711609,Jim Johnson,23,Male,18908203198,Europe
12112210,Lucy Hall,19,Female,13884091597,Europe
12110225,Eleanor Patel,19,Female,15058335384,Europe
11410826,Rebecca Davies,26,Female,18695296614,Europe
11312828,Camilla Smith,27,Female,13966547841,Europe
12111112,Stan Thompson,19,Male,18987756675,Europe
11410100,Gavin Thomas,26,Male,13945479844,Europe
11911729,Bernadette Wilson,21,Female,18961189437,Europe
12011219,Nora Green,20,Female,13832927004,Europe
11911702,Frieda Thompson,21,Female,18992126544,Europe
11611106,Susan Johnson,24,Female,13861191981,Europe
11211305,Gillian Jones,28,Female,18651860969,Europe
11112919,Qi Yousong,29,Female,13983180228,Northern China
11211517,Jiang Wenyin,28,Male,18670171493,Northern China
11712500,Tao Erqing,23,Female,15651177344,Northern China
12011818,Wang Yuyang,20,Female,18685658883,Northern China
11811514,Chu Fangqin,22,Female,15053796611,Northern China
11211708,Qi Erqing,28,Female,18957695206,Northern China
11710825,Li Cailing,23,Female,13842545267,Northern China
12111601,Zhao Jiayu,19,Male,18681271060,Northern China
11412313,Zhu Zicheng,26,Male,13832687921,Northern China
11511720,Hua Yuwen,25,Female,18909695537,Northern China
11812127,He Wenming,22,Male,13869683917,Northern China
11411616,Qi Rufeng,26,Female,18619187298,Northern China
11310409,Xie Jiashuai,27,Male,13831725621,Northern China
11112523,Qi Zhuyu,29,Male,13994163061,Northern China
12111627,Zheng Hanxiang,19,Female,18670303787,Northern China
12011416,Chen Ruoke,20,Male,15647985130,Northern China
12211711,Zhou Leqiao,18,Female,18664254367,Northern China
11412317,Xie Zicheng,26,Male,18926328538,Northern China
11810208,Li Ningzhen,22,Female,15653467851,Northern China
12211105,Zheng Bochang,18,Male,13972571291,Northern China
11410101,Wu Yuyang,26,Female,15635108537,Northern China
11510105,Wei Mufeng,25,Male,18698244030,Northern China
11410318,Qi Ruize,26,Male,18669476121,Northern China
11212815,Tao Jiaji,28,Male,15691425098,Northern China
11612514,Yu Shanwei,24,Female,13909788477,Northern China
12111825,Qing Zhuyu,19,Male,18682004975,Northern China
11510023,Qing Maoan,25,Male,13850673191,Northern China
11510426,Zhang Peiling,25,Female,13851979198,Northern China
12211718,Xie Zhenming,18,Male,15691537032,Northern China
11411917,Jiang Yuqiao,26,Female,15045639100,Northern China
11611606,Cao Chuling,24,Female,13910040719,Northern China
12112609,Wang Fanzhen,19,Female,15057996011,Northern China
11212119,Zhou Zhongxiao,28,Male,18640776921,Northern China
11312106,Tao Yixuan,27,Male,15668442761,Northern China
11812018,Xu Ziyan,22,Male,18925403340,Northern China
11111311,Zhang Zhaoyu,29,Male,13998207774,Northern China
11110802,Feng Jingping,29,Female,13892932966,Northern China
11512016,Fran Smith,25,Female,13982065462,Europe
11810126,Anne Jones,22,Female,15665588648,Europe
11410311,Martha Clarke,26,Female,18616903538,Europe
11512115,Undine Taylor,25,Female,18959715598,Europe
11710327,Dominic Green,23,Male,18621769806,Europe
11610016,Eric Lewis,24,Male,15013323584,Europe
11311902,Christian Wright,27,Male,13840211082,Europe
11910811,Glenda Taylor,21,Female,15090285509,America
11511317,Otto Clarke,25,Male,13812729202,America
11410014,Jeanie Evans,26,Female,15698201024,Asia
11912925,Edward Thompson,21,Male,13910781606,Asia
11612508,Tel Hughes,24,Male,15637211321,Asia
11612426,Joan Johnson,24,Female,13908204055,Asia
11911223,Dennis Patel,21,Male,15077553455,Asia
11210506,Adelina Taylor,28,Female,18698722990,Asia
12112604,Marilyn Hall,19,Female,15662126431,Asia
12011701,Uerica Hall,20,Female,15606761479,Asia
11811911,Bernadette Wright,22,Female,13829691837,Europe
11210413,Murray Davies,28,Male,15065481837,Europe
11712312,Anthea Smith,23,Female,13822403967,Europe
12011728,Xie Yishuang,20,Female,15681759413,Northern China
11311024,Kong Yibo,27,Female,15038403217,Northern China
11911115,Xu Yingzhi,21,Female,18664619638,Northern China
11312922,Florence Walker,27,Female,18654131115,America
12210428,Auberon Smith,18,Male,18653845605,America
11310009,Felicity Roberts,27,Female,18622474204,America
11510409,Patience Robinson,25,Female,18693605151,Asia
11912303,Cherry Lewis,21,Female,13988771717,Asia
11410213,Janey Jackson,26,Female,13985048926,Asia
11112514,Martina Clarke,29,Female,15049305906,Asia
11511825,Marshall Roberts,25,Male,15078634397,Asia
12210524,Robby Jackson,18,Male,15606709103,Europe
11212823,Judy Wilson,28,Female,15089757539,Europe
11110916,Reg Johnson,29,Male,18685857534,Europe
11611019,Eli White,24,Male,18657056752,America
11812521,Errol White,22,Male,15632395694,America
11212510,Mary Wilson,28,Female,18626102534,America
11311817,Miriam Evans,27,Female,15609201594,America
11910706,Poll Jackson,21,Female,13805244864,Europe
12212027,Henry Lewis,18,Male,15672327497,Asia
11411612,Urania Walker,26,Female,15068229490,Asia
11612315,Amos Walker,24,Male,13863852369,Asia
12210020,Joseph Davies,18,Male,13855475664,Europe
11512902,Clarence Green,25,Male,15694718398,Asia
11310224,Geraint Walker,27,Male,15011638613,Asia
12212801,Jode Brown,18,Female,13911518558,Asia
11510006,Fiona Wilson,25,Female,18980108445,Asia
11611721,Sophronia Harris,24,Female,18672443902,Asia
12210929,Trevor Evans,18,Male,18622164699,Asia
12011018,Jessica Jones,20,Female,15625169397,Asia
11710004,Wilfred Smith,23,Male,18614883720,Asia
12211522,Steven Edwards,18,Male,15673757797,Asia
12211014,Edmund Clarke,18,Male,15683948868,Asia
12112211,Oliver Green,19,Male,15687147370,Asia
12110722,Ron Hall,19,Male,18659430348,Asia
12111323,Leslie Evans,19,Male,15086706736,Asia
11712222,Eulalia Brown,23,Female,15611521923,Asia
12211508,Leonard Clarke,18,Male,18904797951,Asia
11512202,Patti Jones,25,Female,13929714055,Asia
11812708,Graham Hughes,22,Male,15013857255,Asia
12211220,Patrick Johnson,18,Male,15059073373,Asia
11910129,Barbara Hall,21,Female,15001561594,Asia
11911120,Phoebe Smith,21,Female,18912328850,Asia
11710110,Hilda Harris,23,Female,13863391481,Asia
11211323,Anne Davies,28,Female,18946670873,Asia
12211603,Tommy Harris,18,Male,18981774268,Asia
11212724,Naomi Lewis,28,Female,15632679243,America
11211501,Ivy Walker,28,Female,13833189147,America
11511213,Joanne Jones,25,Female,18658136807,America
11612800,Lindsay Davies,24,Female,18943286924,America
12110614,Angelica Harris,19,Female,13801466057,America
12112505,Maureen Williams,19,Female,15075333888,America
12212915,Miranda Roberts,18,Female,18939713565,America
11311405,Alden Williams,27,Male,15624803627,America
11710128,Candida Jackson,23,Female,15620472095,America
11210204,Zou Haozhen,28,Male,18613342990,Northern China
11911323,Jasper Wright,21,Male,15025038804,America
11110319,Clare Harris,29,Male,15022058632,America
11311921,Mary Clarke,27,Female,15017977858,America
11811417,Sandra Brown,22,Female,18929417326,America
11310305,Floyd Green,27,Male,13931236054,America
11312003,Malcolm Edwards,27,Male,13915906463,America
11412715,Crystal Brown,26,Female,15084309768,America
11512928,Lynn Brown,25,Female,13881429811,America
12011920,Luke Brown,20,Male,15653796360,America
11111217,Pete Evans,29,Male,15011038308,Asia
11611702,Sid Williams,24,Male,18621832099,Asia
11310703,Susanna Taylor,27,Female,15669197323,Asia
12212618,Jessy Clarke,18,Male,15622821239,Europe
11112206,Sal Edwards,29,Female,18983513679,Europe
12112300,Elsa Jones,19,Female,13877433063,Europe
11810722,Alma Williams,22,Female,15615781133,America
12111926,Aggie Smith,19,Female,15673271314,America
12110515,Cheryl White,19,Female,13848911709,America
11112416,Jesse Johnson,29,Male,15031069354,America
11110321,Olive Taylor,29,Female,18904349852,America
12112400,Felix Thomas,19,Male,18928363418,America
11712125,Lester Thompson,23,Male,13960497825,America
11411820,Charlene Hall,26,Female,15059383162,Europe
11611103,Amy Thompson,24,Female,15080247527,Europe
11410203,Theobald Thompson,26,Male,18628061981,Europe
12010421,Trudie Lewis,20,Female,18962375539,Europe
11611511,Clare Green,24,Female,15623523765,Europe
12011019,Ray Green,20,Male,18952408498,Europe
11311700,Brian Brown,27,Male,15009690461,Europe
11311229,Charlotte Davies,27,Female,13949976177,Europe
12111828,Betty Davies,19,Female,13950195338,Europe
12010703,Archibald Lewis,20,Male,18960333107,Europe
11112015,Sandra Williams,29,Female,18603309373,America
11310914,Noah Harris,27,Male,13935818451,America
11410820,Malachi Lewis,26,Male,13937820660,America
12210703,Karen Taylor,18,Female,13876720290,America
11312426,Gareth Thomas,27,Male,15064627892,America
11112908,Vivian Clarke,29,Male,18974833067,America
11112003,Jill Thomas,29,Female,13821451983,America
11111115,Evelyn Edwards,29,Female,15698087021,America
11410703,Melissa Evans,26,Female,15082681966,America
11211414,Tel Hughes,28,Male,15671223228,America
11710200,Paul Edwards,23,Male,13880541935,America
11711603,Isabel Clarke,23,Female,18907350082,Europe
11812801,Mitchell Hughes,22,Male,18978658432,Europe
11810706,Oz Smith,22,Male,15087063733,Europe
11812802,Hamilton Thomas,22,Male,15023535195,Europe
12111324,Allson Evans,19,Female,18668152894,Europe
12010605,Gracie Davies,20,Female,13890402716,Europe
11312304,Willy Patel,27,Male,15622520990,Europe
11210010,Vicky Hall,28,Female,13957748858,Europe
11812821,Teresa Davies,22,Female,13891982464,Europe
11712215,Moira Roberts,23,Female,15641994775,America
12110129,Dottie Thomas,19,Female,15085452010,Europe
11312409,Salome Robinson,27,Female,13866772753,Asia
11610927,Dustin Clarke,24,Male,13833246195,Asia
11512308,Jo Roberts,25,Female,13974570937,Asia
12211106,Benjamin Davies,18,Male,13866484683,Asia
11611112,Daniel Green,24,Male,18604930949,Asia
11810107,Anita Hall,22,Female,15682226940,Asia
11112709,Tina Hall,29,Female,15051134968,Asia
11411005,Scott Hall,26,Male,13902218906,Asia
11211116,Oliver Wilson,28,Male,15014605907,Asia
11312022,Lindsay Taylor,27,Female,13885244346,Asia
12210508,Allson Edwards,18,Female,15680720535,Asia
12010806,Arnold Wright,20,Male,13813278638,Asia
11911015,Lester Lewis,21,Male,18991507271,Asia
11810305,Ned Walker,22,Male,18920058215,Asia
11912417,Van Hughes,21,Male,15630507980,Asia
12212007,Florrie Williams,18,Female,15091345681,Asia
11112809,Brian Patel,29,Male,13991503837,Asia
12210427,Miranda Williams,18,Female,18614818998,America
11112415,Eva Harris,29,Female,18964807274,Asia
12010521,Theo Edwards,20,Male,18942438052,Asia
11212212,Yang Bisong,28,Female,15660871829,Northern China
11711721,Zou Lengrou,23,Female,13825496694,Northern China
12210516,Bai Xuelu,18,Female,13816578955,Northern China
12011802,Qing Mining,20,Female,18987291370,Northern China
12211417,Zhu Wenlu,18,Male,18687277158,Northern China
11212621,Rosalie Evans,28,Female,13889409221,Asia
11611617,Bud Edwards,24,Male,18667249231,Asia
11610902,Mary Edwards,24,Female,18654024091,Asia
11512522,Richard Roberts,25,Male,13950813597,Asia
11310020,Lucinda Harris,27,Female,13834613733,Asia
11111304,Sean Jones,29,Male,15079603202,Asia
11410503,Norm Clarke,26,Male,15687418212,Asia
11212012,Maureen Davies,28,Female,18621719561,Asia
11711310,Rick Walker,23,Male,13845732810,Asia
11110711,Phoebe White,29,Female,13867433379,Asia
11912610,Elsa Lewis,21,Female,13963582437,Asia
11610606,Libby Patel,24,Female,18921558921,Asia
12112511,Bertran Hughes,19,Male,15686864496,America
11910806,Tricia Taylor,21,Female,18977282386,Asia
11611816,Lv Yinghui,24,Female,15671567687,Northern China
12110806,Jing Zhidie,19,Female,18928273520,Northern China
11211015,Feng Yishan,28,Female,15050103259,Northern China
11111618,Jiang Qicheng,29,Male,18613460353,Northern China
11810114,Chu Pingning,22,Female,13949837180,Northern China
11211813,Yan Chunan,28,Male,18603989796,Northern China
12211817,Han Siyu,18,Male,15697295343,Northern China
11912728,Chu Youqing,21,Female,15660300594,Northern China
11110111,Qi Haizhen,29,Female,18903816077,Northern China
11112200,Qi Hanxiang,29,Male,18911319405,Northern China
12211025,Hamilton Edwards,18,Male,18676194473,Asia
11911807,Dan Wright,21,Male,13988508833,America
11411910,Michael Harris,26,Male,13846486784,America
12212523,Mignon Walker,18,Female,18924870480,Europe
11112106,Gene Wright,29,Male,15610458103,Europe
11911424,Rosalind Roberts,21,Female,15066206015,Europe
11511423,Vincent Roberts,25,Male,18656005147,Europe
12111702,Greg Wright,19,Male,18980924072,Asia
11712313,Stanley Thomas,23,Male,18614288867,Asia
11711521,Olive Wright,23,Female,13844156177,Asia
11612205,Felix Walker,24,Male,15097426676,Asia
11510115,Susan Hall,25,Female,18972414010,America
11411720,Ed Harris,26,Male,13824150273,Europe
11410910,Nancy Wright,26,Female,13809059908,Europe
12210311,Sylvia Smith,18,Female,13808932915,Asia
12111907,Zhang Yilv,19,Female,18631655364,Northern China
12010201,Zheng Jiaxuan,20,Male,15045496448,Northern China
12011508,Yang Xiangheng,20,Male,13971686381,Northern China
11111028,Jing Ziyu,29,Male,15695243997,Northern China
11612421,Yang Nuobo,24,Male,15087215484,Eastern China
11611317,Qi Fanrui,24,Male,15041528785,Eastern China
11610700,You Yunzhi,24,Male,15684045816,Eastern China
11212217,Lv Shunhang,28,Male,18986869520,Eastern China
11511906,Shen Zhiteng,25,Male,13941916164,Eastern China
11312809,Zou Panlei,27,Female,15097673852,Eastern China
11712216,Zhu Fanyan,23,Female,18943927144,Eastern China
11510024,David Robinson,25,Male,13976135052,Europe
11310927,Toni Clarke,27,Female,15073675791,America
11310127,Cathy Edwards,27,Female,13965664105,Europe
12212700,Phil Robinson,18,Male,15630709639,Europe
12210120,Corinna Smith,18,Female,18958346054,Asia
11311615,Marshall Hall,27,Male,15004010251,Asia
11511524,Judy Wright,25,Female,13872056675,Asia
11911012,Georgina Smith,21,Female,15691496587,Asia
11610717,Jason Evans,24,Male,13995118915,Asia
11911402,Rosie Wilson,21,Female,15006191648,Asia
12011418,Gwendoline Thompson,20,Female,13979659683,Asia
11911118,Gene Jackson,21,Male,18658431890,Asia
11812701,Audrey Wright,22,Female,18949082118,Asia
11311619,Allen Walker,27,Male,13971923563,Europe
11510803,Vanessa Taylor,25,Female,15673419018,Europe
12010417,Basil White,20,Male,13903524310,Europe
12111227,Alfred Thomas,19,Male,18985327914,Europe
11410905,Philemen Brown,26,Male,15042197811,America
12211623,Abe Harris,18,Male,18976184464,Asia
11812423,Jane Robinson,22,Female,15070332166,Asia
11310103,Frank Jackson,27,Male,13816321884,Asia
11910017,Al Evans,21,Male,15639548357,Asia
12111028,Mike Evans,19,Male,15036042990,Asia
12111107,Maria Harris,19,Female,18671435981,Asia
11211527,Judith Edwards,28,Female,15025870700,Asia
11411312,Christopher Walker,26,Male,15016604133,Asia
11811615,Padraic Davies,22,Male,18610106228,Asia
11310110,Bridget Patel,27,Female,18943199652,Asia
11210712,Daisy Edwards,28,Female,15011121420,Asia
11410214,Saul Thompson,26,Male,13815670484,Asia
11511513,Gerald Thompson,25,Male,15091767921,Asia
11710218,Allson White,23,Female,15623346768,Asia
11612913,Sal Walker,24,Female,15066448396,Asia
11310212,Molly Wilson,27,Female,13867191407,Asia
11210713,Brittany White,28,Female,13899633547,Asia
11210514,Dermot Robinson,28,Male,18650644724,Asia
11911227,David Jackson,21,Male,15663811232,Asia
11512503,Zhou Yuyang,25,Female,13819826633,Northern China
11512212,Qian Xiaodie,25,Female,13857683633,Northern China
11412917,Qing Muxue,26,Female,18636223046,Northern China
11511608,Kong Yuqiao,25,Female,15099570975,Northern China
12111803,Dou Ruichen,19,Male,18643572672,Northern China
11311011,Shi Congde,27,Male,18907982518,Northern China
11410003,Wei Shengjian,26,Male,15093350281,Northern China
11212120,Lou White,28,Male,15622710919,Europe
11512601,Norman Brown,25,Male,13924880879,Europe
11912318,Hal Taylor,21,Male,18999505149,Asia
11512713,Allen Williams,25,Male,15078834977,Asia
11512206,Li Rufeng,25,Female,13916883945,Southwestern China
12112619,He Hanwu,19,Male,13805699635,Southwestern China
11310425,Jiang Hanxuan,27,Female,18629063473,Southwestern China
11812410,Li Danqing,22,Female,18673636686,Southwestern China
11612727,Zhang Chilv,24,Female,13830355133,Southwestern China
11712421,Feng Hendong,23,Female,13993818952,Southwestern China
11412302,Jiang Jingjie,26,Male,15604747830,Southwestern China
12112622,Jiang Zhenming,19,Male,13911532865,Southwestern China
11510400,You Bisong,25,Female,18644459199,Southwestern China
11810525,Liu Hanshuang,22,Female,15653974261,Southwestern China
11910019,Zheng Biyan,21,Female,15031117856,Southwestern China
11211422,Chen Ziyan,28,Male,13985564910,Southwestern China
12212110,Han Leqiao,18,Female,15041556592,Southwestern China
11211202,Tao Yihan,28,Female,13882601885,Southwestern China
11711122,Yu Miaocui,23,Female,15694815599,Southwestern China
11411829,Wu Mimei,26,Female,13942881431,Southwestern China
11211029,Xu Fanrui,28,Male,18676986941,Southwestern China
11411614,Qian  biqin,26,Female,18603986116,Southwestern China
11511318,Zhou Hanan,25,Female,13876958194,Southwestern China
11610109,Zhao Bandan,24,Female,15660112160,Southwestern China
11811919,Kong Xiaohuai,22,Female,18633961030,Southwestern China
12012621,Hua Haonan,20,Male,18682228818,Southwestern China
11811720,Yan Yingwen,22,Female,15011117135,Southwestern China
11511710,You Xiangxing,25,Male,13848331704,Southwestern China
11810528,Wei Ruichen,22,Male,18630660033,Southwestern China
11312100,Shi Tingping,27,Female,18917395106,Southwestern China
11510102,Xu Lvping,25,Female,18999680234,Southwestern China
11612811,Tao Hanfeng,24,Female,15609768742,Southwestern China
11210406,Zou Biyan,28,Female,15066512800,Southwestern China
11811223,Zhao  youhui,22,Female,18687016162,Southwestern China
11712501,Jiang Boran,23,Male,13941181346,Southwestern China
11412001,Wu Xiangxing,26,Male,15069982275,Southwestern China
12210502,Jing Jiaji,18,Male,18971995428,Southwestern China
12011924,Shi Ningtao,20,Female,18962441154,Northern China
12210612,Jing Manyun,18,Female,18602368649,Northern China
11211016,Theodoric Hughes,28,Male,13863625889,Europe
11912919,Otto Thomas,21,Male,15074427557,Europe
11210423,Diana Robinson,28,Female,13995890033,Europe
11311624,Gaston Harris,27,Male,15638575006,Europe
12112613,Mimi Green,19,Female,18987624415,Europe
11710805,Kent Wilson,23,Male,18677968674,America
12110528,Ronnie Jackson,19,Male,13870626048,Asia
11312723,Craig Jackson,27,Male,15643684197,Asia
12012421,Fidelia Wilson,20,Female,13909407406,Europe
11112029,Phyllis Evans,29,Female,18685322740,America
11410404,Joanne Taylor,26,Female,18929478204,America
11912404,Cecil Walker,21,Male,18908106812,Asia
12211320,Vivien Johnson,18,Female,15665186413,Europe
11711021,Evadne Patel,23,Female,18968189028,Asia
11511000,Hortensia Jackson,25,Female,15698891214,Asia
11611122,Feng Lewen,24,Male,15001256579,Northern China
11911700,Lisa Taylor,21,Female,15685475495,America
11410106,Zhang Rongchun,26,Male,13876049145,Northern China
12110824,Feng Ziyu,19,Male,18660093847,Northern China
12012107,Qing Fanyan,20,Female,15068236084,Northern China
11812422,Wei Leqiao,22,Female,18971543234,Northern China
11812518,Jing Hanshuang,22,Female,18935024518,Northern China
11511203,Jiang Feiqing,25,Female,15063346307,Northern China
12110927,Han Hanwu,19,Male,18637769897,Northern China
11710319,Qing Shiyun,23,Female,18647249691,Northern China
12210022,Qi Yilang,18,Male,15042022862,Northern China
12211003,Qian Nandie,18,Female,13877463593,Northern China
12011517,Marcie Davies,20,Female,13853910784,America
11910202,Yang Huanwen,21,Female,13956409278,Southern China
12112203,Zou Jiayu,19,Male,15028866306,Southern China
11211418,Bai Dongtao,28,Female,13859120738,Southern China
11112222,Yan Chilv,29,Female,18915653755,Southern China
12110902,Dou Huaiyu,19,Male,13955823401,Southern China
11411723,Wu Yunzhi,26,Male,13804242356,Southern China
11912423,Lv Yinxiang,21,Male,15023405921,Southern China
11612721,Wang Yingtao,24,Female,15074810279,Southern China
12212815,Qi Lvwei,18,Female,13983501780,Southern China
12210911,He Chilv,18,Female,18679946737,Southern China
11412512,Lv Yuanxiang,26,Male,15044720365,Southern China
11410529,Cao Yuanhong,26,Male,18679830367,Southern China
11311524,Feng Erhan,27,Female,15611561542,Southern China
11411412,Zheng Anran,26,Male,18618045550,Southern China
12012502,Wei Zibin,20,Male,15066207398,Southern China
11810002,Wang Wenqiu,22,Female,13863422390,Southern China
11511814,Sun Chufeng,25,Female,18980635996,Southern China
11111113,Tricia Lewis,29,Female,15644251290,Asia
11211302,Rosalyn Jones,28,Female,13905966109,Asia
11312229,Craig Thompson,27,Male,15002945019,Asia
11211428,Dan Thomas,28,Male,15698372907,Asia
11911902,Chu Yiqing,21,Female,13880989505,Southern China
11512809,Sun Hanxiang,25,Female,15059741639,Southern China
11510826,Yu Kaiyu,25,Male,13982873533,Southern China
11511413,Zhou Shishan,25,Female,13805315084,Southern China
11411003,Yu Feiqing,26,Female,18922745977,Southern China
12211415,Shi Tianlan,18,Female,15064950347,Southern China
11311028,Wei Runbin,27,Male,15633980855,Southern China
11711728,Qi Jiaye,23,Male,13885966956,Southern China
12011500,Sun Siyu,20,Male,18941979727,Southern China
11412326,Yu Ziyun,26,Female,13941972839,Southern China
12010909,Zhu Yueqi,20,Male,18951255896,Southern China
11112606,Wei Yanhong,29,Male,13880795819,Southern China
11210909,Qing Qizheng,28,Male,15052254763,Southern China
11711714,Cao Yanlei,23,Female,15051467267,Southern China
11912706,Dou Huanqing,21,Female,13977560856,Southern China
11911800,Sun  biqin,21,Female,13986404059,Southern China
11610015,Yan Xiaofeng,24,Male,15690792395,Southern China
11610925,Shui Xiangchen,24,Male,15083994279,Southern China
11711209,Zou Xiaorou,23,Female,18627930507,Southern China
12112900,Wang Zhengsong,19,Male,13921608724,Southern China
12112902,Qi Binzhu,19,Male,15651555135,Southern China
11312700,You Shengjian,27,Male,15063264518,Southern China
11210925,Dou Yansen,28,Male,18909134675,Southern China
11612909,Xu Yixian,24,Male,13935911937,Southern China
11611905,Jing Xiaotian,24,Female,18993374707,Southern China
12112707,Jing Chutai,19,Male,15670838760,Eastern China
11112126,Wang Nuobo,29,Male,18986871484,Eastern China
11712922,He Fangqin,23,Female,13938113424,Eastern China
11511410,Liu Feilei,25,Female,15665437795,Eastern China
11512104,Zhou Lengrou,25,Female,15024361112,Eastern China
11710709,Zhang Jiayu,23,Male,15035685329,Eastern China
11510407,Lv Jingwei,25,Male,18930958702,Eastern China
12010126,Jiang Junzhuo,20,Male,13841436603,Eastern China
11210028,Shen Qizhen,28,Female,18687812134,Eastern China
11210512,Hua Erqiu,28,Female,15628052977,Eastern China
11510902,Chu Yiqing,25,Female,15056215954,Eastern China
11512218,Wang Jinbo,25,Male,15609346411,Eastern China
12011529,Zhang Wanzhi,20,Female,13934753084,Eastern China
12211000,Feng Ermei,18,Female,15086534755,Eastern China
11311108,You Hanfeng,27,Female,13902596073,Eastern China
11712907,Tao Yinghui,23,Female,15020644976,Eastern China
12012613,Xie Tingwei,20,Female,15638248700,Eastern China
11612422,George Smith,24,Male,18694675683,Asia
12211502,Camilla Smith,18,Female,13888156877,Asia
11110611,Jackie Taylor,29,Female,15037461347,Asia
11612910,Dou Youtong,24,Male,13924463586,Eastern China
11912419,Cao Jiashu,21,Male,13982935548,Northern China
11210011,Feng Chutai,28,Male,13909557872,Northern China
12211905,Chu Guqiu,18,Female,15629576611,Northern China
11510010,Xie Linchuan,25,Male,13963778907,Northern China
11112607,Wu Jianxi,29,Male,18913537836,Northern China
12212927,Jing Yingtian,18,Female,15669666192,Northern China
11511127,Kong Youqing,25,Female,15641123045,Northern China
11912623,Wei Maoan,21,Male,18907614854,Northern China
12110324,Della Johnson,19,Female,18988585952,Asia
12011917,Feng Shuliu,20,Female,15605980669,Eastern China
11712520,Shen Mengchao,23,Male,13848720803,Eastern China
11810916,Zhou Yuandong,22,Female,15024083648,Eastern China
11412816,Zou Moyu,26,Male,13949270728,Southern China
12212719,Bai Zibin,18,Male,13978258053,Southern China
11910524,Wu Fanrui,21,Male,13910481219,Northern China
11711214,Hilda Clarke,23,Female,15689457853,Europe
11612806,Sun Nianlan,24,Female,15652032545,Northern China
12012116,Jiang Shengxiang,20,Male,15639234045,Northern China
11412101,Qi Xiangling,26,Female,15600505124,Northern China
11612805,Wang Shuliu,24,Female,15067727199,Northern China
12212008,Zheng Rusi,18,Female,15694603232,Northern China
11612918,Han Pingtian,24,Female,18683156813,Eastern China
11812124,Bai Dongshuang,22,Female,13815686144,Eastern China
11612717,Wei Shiyan,24,Female,15674552802,Eastern China
11212719,Zhou Yishuang,28,Female,15061565341,Eastern China
11511625,Chen Dongyan,25,Female,15099875207,Northern China
12111718,Lv Ruoke,19,Male,13949123975,Northern China
12211403,Chu Yingzhi,18,Female,13892297977,Northern China
11111429,Yang Youling,29,Female,18600332576,Northern China
11710215,Jiang Yahe,23,Female,13945549155,Northern China
11812022,Natalie Taylor,22,Female,18990290945,Europe
11711922,Kong Huaibai,23,Female,18643797214,Eastern China
12112329,Sun Hanxuan,19,Female,18644716340,Eastern China
11611903,Xie Yuyang,24,Female,13944671764,Eastern China
11911428,Zhang Qintao,21,Male,15098553535,Eastern China
12211405,Li Jingwen,18,Male,13968175165,Southern China
11312609,You Dongsi,27,Female,18955639487,Northern China
11912507,Qian Xiaofeng,21,Female,13854197619,Southwestern China
11710721,Xie Minghan,23,Male,18653864171,Southwestern China
12211001,Zhang Yunzhi,18,Male,18934670692,Southwestern China
11110816,Yang Jingjie,29,Male,18695883703,Southwestern China
11611223,Kong Chengjun,24,Male,13963900648,Southwestern China
11110624,Li Bingzhi,29,Male,18630558721,Southwestern China
11512325,Dou Youyi,25,Female,18697159896,Southwestern China
11712115,Bai Youyi,23,Female,13820491699,Southwestern China
11710209,Richard Edwards,23,Male,13815125118,Europe
11512914,Carl Roberts,25,Male,13959111644,Europe
11410306,Zhao Rongchun,26,Male,15074922863,Northern China
12210519,Shui Zuirou,18,Female,18687389223,Northern China
11712128,He Wenyin,23,Male,18961133099,Northern China
11112312,Shui Zhuyu,29,Male,13866763281,Northern China
11112928,Bai Muhua,29,Male,13848283803,Southern China
11610219,Li Yingtian,24,Female,15661798348,Southern China
11111715,Chu Shengxiang,29,Male,13968713358,Southern China
12211322,Qian Yuyang,18,Female,18917509086,Southern China
11512213,Bai Ningzhen,25,Female,13817326705,Southern China
12012629,He Hongbang,20,Male,18673404616,Southern China
12110800,Wu Jiayu,19,Male,13981604436,Southern China
11910709,Jiang Hanlan,21,Female,18637953695,Southern China
12112825,Qian Huahong,19,Male,15036808740,Southern China
11812108,Zhao Zhengsong,22,Male,13872170639,Southern China
11512017,Zou Moyu,25,Male,13949333244,Southern China
11612902,Yan Panhai,24,Female,13885393179,Southern China
11611410,Chen Chundie,24,Female,18987365407,Southern China
11512823,Wang Qiuyan,25,Female,15035025121,Southern China
12211619,Qi Guqiu,18,Female,18600565512,Southern China
12111621,Yang Congde,19,Male,13990246914,Southern China
11311215,Yu Youcui,27,Female,18603731574,Southern China
11310719,Han Changfei,27,Male,13986084233,Southern China
11210418,Yang Penglong,28,Male,18690429590,Southern China
11910910,Hua Boran,21,Male,15678864028,Southern China
12111401,Shen Yuming,19,Male,15087423983,Northern China
11710328,Wu Nuobo,23,Male,18689937217,Northern China
11111727,Wang Qimei,29,Female,13860021464,Northern China
11911609,Chen Gurui,21,Female,18674936591,Northern China
11410520,Shi Yishan,26,Male,15049514536,Northern China
11210503,Dou Lingzhi,28,Female,18913957932,Northern China
12011310,Malachi Hughes,20,Male,15692037530,Asia
11612520,Montgomery Hughes,24,Male,13960406694,Asia
12010010,Jess White,20,Female,18628521261,Asia
12110925,Flora Taylor,19,Female,15017307252,Asia
11610812,Hortensia Johnson,24,Female,13892780356,Asia
11611609,Di Hall,24,Female,13863451067,Asia
12211404,Kong Ningbai,18,Female,15036461258,Southern China
12010114,Qian Jichen,20,Male,18678743295,Southern China
12212423,Wu Ruoyan,18,Female,18676352982,Southern China
11810411,Dou Yishuang,22,Female,18697569508,Southern China
11911319,Wu Yuke,21,Male,15697716653,Southern China
11811618,Li Jingwen,22,Male,15051112476,Southern China
12011126,Stewart Jones,20,Male,18908287035,Asia
11612710,Shui Yihan,24,Female,13962668922,Eastern China
12012809,Chu Wenming,20,Male,18630883140,Eastern China
12011206,Cao Hanming,20,Male,18618114148,Northern China
11411014,Yan Conglei,26,Female,18647979883,Northern China
11212228,June Hall,28,Female,18971216787,Asia
12111303,Kong Shanwei,19,Female,18937157948,Southern China
11112406,Qian Junqin,29,Male,15621313057,Southern China
11112214,Lv Jiamin,29,Male,18605231640,Southern China
12110502,Zhou Lewen,19,Male,13987398085,Southern China
11810712,Yan Shilan,22,Female,15092302621,Southern China
11311904,Wang Jiayu,27,Male,15005896783,Southern China
11810727,Han Yuzhou,22,Male,18996293617,Southern China
11212025,Lv Xinyue,28,Male,13928101294,Southern China
11110325,Xu Shiyun,29,Female,13990824090,Southern China
11511007,You Jingyun,25,Male,13979841817,Northern China
12111027,Cao Feilei,19,Female,13923207645,Northern China
11312113,Lv Jianrong,27,Male,18941514162,Southern China
11311326,Yang Feining,27,Female,13829954971,Southern China
11310908,Yan Rongchun,27,Male,13844681925,Southern China
11810204,Wei Xiaoshan,22,Female,15069443206,Northern China
11112611,Xu Yuanhong,29,Male,13839324198,Northern China
11911416,Cao Yueqi,21,Male,15057947264,Northern China
11511019,Han  qizhen,25,Female,15084888189,Northern China
12212520,Zhu Yunzhi,18,Male,15071044773,Northern China
11611812,Wang Feifeng,24,Female,13934358401,Northern China
11310722,Qian Bochang,27,Male,18912693787,Southern China
11810110,Shen Tianfan,22,Female,15088879110,Southern China
11810719,Kong Xiangzhe,22,Male,18608114189,Southern China
11711207,Xu  menghan,23,Female,18931198598,Southern China
11411022,Jing Jishan,26,Female,18649055055,Southern China
11312522,Qian Yaxia,27,Female,15007334154,Southern China
11811908,Tao Bochang,22,Male,15059214621,Southern China
11710812,Sun Yankun,23,Male,18922417437,Eastern China
11810907,Zheng Zibin,22,Male,13818250928,Eastern China
11111203,Zhu Yiye,29,Male,18989797324,Eastern China
11310827,You Taian,27,Male,18936275779,Eastern China
11111801,Shui Mengbai,29,Female,18966070898,Eastern China
11411127,Cao Ruyu,26,Male,18945455832,Eastern China
11410413,Leila Smith,26,Female,13844258588,Asia
12210019,Yang Zhengkai,18,Male,18974863624,Northern China
11912109,Yang Jingwen,21,Male,18946575272,Northern China
11711516,Chu Qiuman,23,Female,15071536983,Eastern China
11110502,Jiang Yibo,29,Female,15053833226,Southern China
11811626,Han Chenjia,22,Male,18937643936,Southern China
12011525,Zou Youling,20,Female,18988482692,Southern China
11711129,Yan Linghai,23,Female,18667175067,Southern China
11410806,Wu Fanrui,26,Male,13952606129,Southern China
12012028,Dora Thompson,20,Female,15693789626,Asia
11711304,Bai Jingping,23,Female,18603683635,Northern China
11111906,Xu Dongqing,29,Female,18906327698,Southern China
11210921,Hua Yizhen,28,Female,18687747201,Southern China
11112718,Joanne White,29,Female,15696020889,Asia
11210513,Shen Mingliang,28,Male,18685251708,Eastern China
12212112,Liu Mengbai,18,Female,18644263375,Eastern China
11410208,He Pengxiao,26,Male,13992952835,Eastern China
11611029,Jiang Jingwen,24,Male,15647649410,Southern China
12212302,Xu Hanxuan,18,Female,18937114201,Southern China
11710903,Bai Yingtian,23,Female,13885753171,Southern China
11411716,Zhang Mimei,26,Female,13839866372,Southern China
12210904,Shen Yuzhou,18,Male,15633087233,Southern China
12111620,Wei Zhuodong,19,Male,18678923634,Southern China
12011005,Zou Muman,20,Female,15082906238,Southern China
11411217,Tao Xixia,26,Female,18913371070,Southern China
11410326,Liu Jinquan,26,Male,18687089220,Southern China
11510005,Yan Ningyang,25,Female,15649764801,Southern China
11412110,Xu Qintao,26,Male,13907947978,Southern China
12112114,Jing Qize,19,Male,18911514543,Southern China
12112222,Kong Qiaobai,19,Female,18962148638,Southern China
11510629,Jiang Lengrou,25,Female,15078677864,Southern China
11310514,Wei Ruichen,27,Male,13959351161,Southern China
11711321,Jiang Yixuan,23,Male,15612455594,Southwestern China
11410708,Shui Rusi,26,Female,13979147586,Eastern China
12110728,Qi Yishan,19,Male,18606430869,Southern China
12112115,Shen Jinquan,19,Male,15086986800,Southern China
11611408,Tao Yishan,24,Female,15651274265,Southern China
11410313,Jing Binzhu,26,Male,13934274717,Southern China
12112827,Dou Youtong,19,Male,13901526703,Southern China
11210611,He Yukun,28,Male,18967603677,Southern China
11110313,Tommy Davies,29,Male,13965685007,Asia
11410027,Kong Maoan,26,Male,13864597380,Southern China
11812319,Zheng Manlv,22,Female,15006794564,Eastern China
11511914,Shi Binggan,25,Male,18976035237,Eastern China
11812905,You Xiangxing,22,Male,13924787705,Eastern China
11812226,Qing Muhao,22,Male,18979820269,Eastern China
11812011,Qian Qianyi,22,Female,13842183816,Eastern China
11412919,Yan Yusong,26,Female,13915520945,Eastern China
11510606,Qian Yuanxiang,25,Male,18688985462,Eastern China
11211012,Wu Ruyu,28,Male,15033727825,Eastern China
11610012,Chen Xiangman,24,Female,18950665504,Eastern China
11411506,Zhou Yihao,26,Male,18699556584,Eastern China
12210114,Wang Chumei,18,Female,18605924146,Eastern China
11612606,Shen Lisheng,24,Male,13861013178,Eastern China
11512521,Yu Yixian,25,Male,18928820996,Northern China
11410007,Xu Nuobo,26,Male,18691284519,Southern China
11512220,Yan Yingzhi,25,Female,18692168525,Northern China
11610603,Wei Yangyang,24,Male,15661025568,Southern China
11812213,Yu Qizheng,22,Male,13884540617,Southwestern China
11910404,Sun Yinger,21,Female,13906794354,Southwestern China
11110209,Jiang Weian,29,Male,13898155043,Southwestern China
12112420,He Ruoyun,19,Female,15621794465,Eastern China
11110923,Xu Ruichen,29,Male,13821706846,Eastern China
12111125,Zhou Huiran,19,Male,18604808591,Eastern China
11311914,Lv Yunzhi,27,Male,15086743807,Eastern China
12012001,Zhao Yuxuan,20,Male,18908905381,Eastern China
12012712,Zhu Hanxuan,20,Female,18639347903,Eastern China
12111022,Zou Linshan,19,Male,13809404711,Eastern China
11311115,Chu Linchuan,27,Male,15080256415,Eastern China
11210928,Jing Nianlan,28,Female,18664669055,Eastern China
12210320,Qian Yupeng,18,Male,18977785520,Eastern China
11710900,Hua Cailing,23,Female,13836235059,Eastern China
11912220,Han Anxuan,21,Female,18686914320,Eastern China
12111519,Zou Youyi,19,Female,18603455227,Eastern China
11411706,Feng Runbin,26,Male,18651835501,Eastern China
11710729,Bai Chutai,23,Male,15690813331,Eastern China
11310924,Yan Zicheng,27,Male,13965241362,Eastern China
11411211,Zou Xintao,26,Male,15052391875,Southern China
11112716,Yang  zixue,29,Female,15664059213,Southern China
11912112,Kong Nianyang,21,Female,13999858015,Northern China
11312223,Hua Zhuodong,27,Male,18634713970,Northern China
11811901,He Qizhen,22,Female,13961013521,Southern China
11110226,Jing Shiyi,29,Male,15073848489,Southern China
12210821,Wei Bingzhi,18,Male,13808031042,Southern China
11210316,He Huaibai,28,Female,18615409124,Southern China
11411326,Han Peixiang,26,Female,15054504848,Southern China
12210926,Chen Yuanjun,18,Male,18686339281,Southern China
12011706,Qian Yukun,20,Male,13820591356,Southwestern China
11411124,Zhou Qimei,26,Female,18932304528,Southwestern China
11111024,He Leshuang,29,Female,13950610498,Southern China
11810014,He Hanan,22,Female,15661971857,Southern China
11912616,Sun Haoyan,21,Male,18610065255,Southern China
12111607,Qing Yousong,19,Female,18919266551,Southern China
11211915,Sun Shizhen,28,Female,13871926181,Eastern China
11510812,Zheng Rongchun,25,Male,13844791357,Eastern China
11210219,Tao Zhiyong,28,Male,13955068968,Southern China
11811718,Jiang Yingzhi,22,Female,13872012534,Southern China
11211904,Yu Shuzhen,28,Female,15002712259,Southern China
11910127,Zhang Runyi,21,Male,18601703786,Eastern China
12210916,Qian Yuyang,18,Female,18693379558,Southern China
12112013,Shen Zhengsong,19,Male,18910613781,Southern China
12112802,Shen Shitong,19,Female,13826123601,Eastern China
11412615,Zhang Yousong,26,Female,18677768520,Eastern China
11111829,Dou Yunshuo,29,Male,15005616385,Eastern China
12012726,Jiang Tingping,20,Female,15640956081,Northern China
11110410,Yu Ruichen,29,Male,15653633429,Eastern China
11511728,Sun Ruyu,25,Male,18630096502,Eastern China
12210029,Zhang Benqing,18,Male,13960918549,Eastern China
12111202,Tao Ercui,19,Female,13855084716,Southern China
11411320,Han Hengran,26,Male,15017659962,Southwestern China
11511902,Lv Shizhen,25,Female,15070802434,Southwestern China
11112503,Hua Siyu,29,Male,13844751765,Southwestern China
11512800,Chen Yueqi,25,Male,15696096714,Southwestern China
11711716,Kong Pinglv,23,Female,15067667014,Southwestern China
11811816,Wei Yingtian,22,Female,18950729224,Southwestern China
11910725,Sun Tianlan,21,Female,18981600745,Eastern China
11911411,Qing Canning,21,Male,13898229676,Eastern China
12011115,Xu Bingzhi,20,Male,15666294015,Eastern China
11311510,Zhu Rufeng,27,Female,15010716872,Southwestern China
11912900,Qian Yiyu,21,Female,15064462930,Southwestern China
11312823,Zhou Yaokun,27,Male,15694798702,Southwestern China
12211621,Jing Muhua,18,Male,15023695830,Southwestern China
11712400,Qi Gulian,23,Female,13855733112,Southwestern China
11711218,You Boran,23,Male,13963049796,Southwestern China
11611225,Li Lewen,24,Male,13800724495,Southwestern China
11611117,Zou Zhidie,24,Female,15008520109,Southwestern China
11710621,Qian Qianqiu,23,Female,13826275879,Southwestern China
11911206,Zhou Huanqing,21,Female,15060104803,Southwestern China
11210628,Shi Runyi,28,Male,13911676010,Southwestern China
12210722,Qi Yinxiang,18,Male,15076744537,Southwestern China
11211615,He Banxiang,28,Female,18924078589,Eastern China
11610802,Xu Zhuyu,24,Male,18903294883,Eastern China
11612023,Yang Hanzhe,24,Male,18982417146,Eastern China
11311818,Yang Manyun,27,Female,18946478788,Eastern China
11111703,Xu Honglin,29,Male,13902792173,Eastern China
11210524,Jiang Rusi,28,Female,18668906200,Eastern China
12111922,Shui Nuobo,19,Male,13913540869,Eastern China
11210307,Wang Mucheng,28,Male,15068585157,Eastern China
11912729,Zhou Canqi,21,Male,15012145938,Eastern China
11210724,Tao Chengjun,28,Male,15034757254,Eastern China
12212519,Zheng Jingyun,18,Male,13913682824,Eastern China
12011017,Kong Yishan,20,Male,13846951812,Eastern China
11711517,Chen Hanfeng,23,Female,13852281965,Eastern China
11810008,Qing Jingping,22,Female,13829205071,Southwestern China
11210706,Qi Jiabin,28,Male,13883890984,Southwestern China
11411213,Zou Huasheng,26,Male,13890220609,Southern China
11710100,Zhang  biqin,23,Female,13913466199,Eastern China
11310711,Qing Chumei,27,Female,13830026419,Eastern China
12110710,Sun Jiaxuan,19,Male,18965536051,Eastern China
11410600,Shen Yangchen,26,Male,13830653355,Eastern China
12212516,Qing Pingning,18,Female,15036759293,Eastern China
11410915,Xu Dongsi,26,Female,15618203439,Eastern China
11910808,Zou Banqin,21,Female,13901142432,Southern China
11510516,Qian Shunhang,25,Male,13904943158,Southern China
11812101,Liu Wenjing,22,Male,18659494427,Southern China
11610809,Yan Yuanxiang,24,Male,15057827326,Eastern China
11410907,Cao Zicheng,26,Male,13973963674,Eastern China
11710213,Wei Youman,23,Female,15690572094,Southern China
11110407,Yu Chutai,29,Male,13928637245,Eastern China
11211902,Xie Jiafu,28,Male,18680749663,Eastern China
11111424,Tao Shuxuan,29,Female,15085116120,Southern China
11711115,Yu Huasheng,23,Male,15621142637,Eastern China
11310220,Zhu Yuanchun,27,Female,13927562806,Eastern China
11410122,Chu Runyi,26,Male,18665857267,Eastern China
11412417,Sun Wenyan,26,Female,18663855859,Eastern China
11210312,Zhu Honglin,28,Male,13825820064,Eastern China
11811124,Shi Hongbang,22,Male,18947053480,Eastern China
12010920,Kong Xiaocui,20,Female,15021189476,Eastern China
11812908,Jing Ziyan,22,Male,15688018946,Southern China
11311223,Wang Lisheng,27,Male,13947865508,Eastern China
11111609,Bai Ermei,29,Female,18673422309,Southern China
11610829,Kong Yuandong,24,Female,13957711628,Southern China
12111228,Shi Tingping,19,Female,15061819814,Southwestern China
11512607,Zhou Zhuodong,25,Male,13961123893,Southwestern China
11412600,Xie Ercui,26,Female,18981092712,Southwestern China
11510129,Kong Xumeng,25,Male,13943189492,Southwestern China
11311306,Han Haizhen,27,Female,13821047811,Southwestern China
11212203,You Qiaoqing,28,Female,13956614701,Southwestern China
12111524,Jiang Jiaji,19,Male,18632801398,Eastern China
11711509,Zhang Binzhu,23,Male,13993214232,Eastern China
11610903,Zhang Miaorui,24,Male,18672794124,Eastern China
11112317,Chen Ziquan,29,Male,18900813304,Eastern China
11111206,Yang Baitao,29,Female,15660272878,Eastern China
11512419,Kong Aonan,25,Female,13891465941,Eastern China
11912012,Bai Hanzhe,21,Male,18938086436,Eastern China
11911722,Shi Guzhu,21,Female,18968522668,Eastern China
11612314,You Ruoke,24,Male,13940007283,Southwestern China
12012601,Shui Huaiyun,20,Female,13916281841,Southwestern China
11512702,Xie Wenyan,25,Female,18968451760,Southwestern China
12211729,Shen Haifeng,18,Female,15620510105,Southwestern China
11911407,Yang Guqiu,21,Female,18618885717,Southwestern China
12112206,Qian Linghan,19,Female,13829631725,Southwestern China
11511421,Qing Benqing,25,Male,13935686416,Eastern China
11111624,Li Benqing,29,Male,13889199951,Eastern China
11311313,Wei Shiyi,27,Male,13886365952,Eastern China
11410411,Qian Jishan,26,Female,13956678456,Southwestern China
12212528,Chu Guqiu,18,Female,18974814682,Southwestern China
12011011,He Yihao,20,Male,15652825716,Southwestern China
11612829,Xu Yishan,24,Male,15045884000,Eastern China
12010216,Xu Jiashu,20,Male,15683516519,Eastern China
12010024,He Hanxiang,20,Male,18652217119,Eastern China
12112920,Qian Banxiang,19,Female,18620119860,Eastern China
11610322,Xie Tingqin,24,Female,13851038298,Southwestern China
11411810,Zhang Zhixiang,26,Male,18648771704,Southern China
12212622,Qing  zixue,18,Female,15657449973,Eastern China
11310607,Chen Haoyan,27,Male,13870705830,Eastern China
12111814,Chen Jiashuai,19,Male,15003660263,Eastern China
11911913,Chen Chenjia,21,Male,15098824410,Eastern China
12012023,Jing Yishan,20,Female,15604491880,Eastern China
11110306,You Qicheng,29,Male,15640275929,Eastern China
11210013,Hua Zhaoyu,28,Male,15699277820,Eastern China
12211926,Zhou Miyan,18,Female,15014782909,Southwestern China
12210804,Yu Haonan,18,Male,18620772002,Southwestern China
11712725,Xie Pingning,23,Female,15014021450,Southwestern China
11410308,Chen Jiabin,26,Male,15052390956,Southwestern China
11412126,Zhao Yankun,26,Male,15006083021,Southwestern China
11210923,Dou Wanzhi,28,Female,15098913299,Southwestern China
11411011,He Yuke,26,Male,13862391062,Southwestern China
11911822,You Shaohu,21,Male,18985524552,Southwestern China
12011102,Liu Miaorui,20,Male,13875091436,Southwestern China
12012128,Zhao Yihao,20,Male,15052905135,Eastern China
11910305,Shen Mengbai,21,Female,13973701454,Southwestern China
12110813,He Xinyue,19,Male,13928811240,Southwestern China
12111726,Chu Jingwen,19,Male,15646720643,Southwestern China
11412215,Jiang Fanrui,26,Male,13930330234,Southwestern China
11410104,Zou Muxue,26,Female,18658582425,Southwestern China
12211323,Qian Jiaxuan,18,Male,13857780312,Southwestern China
11910007,Shi Zhuodong,21,Male,15648162947,Eastern China
11712901,Zheng Lvping,23,Female,15668995243,Southwestern China
11612201,Zhu Tinghan,24,Female,18936952957,Southwestern China
11211004,Zhu Weian,28,Male,15694244602,Southwestern China
11212015,He Ruixun,28,Male,13864072467,Southwestern China
11712513,Tao Manrui,23,Male,13825405039,Southwestern China
11210225,Bai Rusi,28,Female,15080012926,Southwestern China
11112303,Shi Wenming,29,Male,15079523863,Southwestern China
12210416,Tao Yibo,18,Female,13866742389,Southwestern China
11510914,Wu Xiangchen,25,Male,18662243923,Southwestern China
12012818,Zhou Yanbai,20,Female,13835332483,Southwestern China
12212709,Chen Nianer,18,Female,15697366927,Southwestern China
12210614,Yan Shumeng,18,Female,15660589740,Southwestern China
11610619,Shui Ruoyan,24,Female,18637811038,Southwestern China
12112517,Luo Haoyu,19,Male,13528855890,Southwestern China
